{
  "Total" : {
    "transaction" : "Total",
    "sampleCount" : 1000,
    "errorCount" : 0,
    "errorPct" : 0.0,
    "meanResTime" : 5369.914999999991,
    "medianResTime" : 5168.5,
    "minResTime" : 1364.0,
    "maxResTime" : 14739.0,
    "pct1ResTime" : 8181.799999999998,
    "pct2ResTime" : 8794.85,
    "pct3ResTime" : 9629.58,
    "throughput" : 64.18073294397023,
    "receivedKBytesPerSec" : 156.31518355689622,
    "sentKBytesPerSec" : 10.153592516526539
  },
  "HTTP Request" : {
    "transaction" : "HTTP Request",
    "sampleCount" : 1000,
    "errorCount" : 0,
    "errorPct" : 0.0,
    "meanResTime" : 5369.914999999991,
    "medianResTime" : 5168.5,
    "minResTime" : 1364.0,
    "maxResTime" : 14739.0,
    "pct1ResTime" : 8181.799999999998,
    "pct2ResTime" : 8794.85,
    "pct3ResTime" : 9629.58,
    "throughput" : 64.18073294397023,
    "receivedKBytesPerSec" : 156.31518355689622,
    "sentKBytesPerSec" : 10.153592516526539
  }
}